id,num_tournaments,total_players,name,avg_players_per_tournament
108387,2259,10399,Person ID 108387,4.60
102198,785,11429,Person ID 102198,14.56
108715,676,14467,Person ID 108715,21.40
100145,524,6467,Person ID 100145,12.34
127778,492,6724,Person ID 127778,13.67
106856,488,9587,Person ID 106856,19.65
100317,432,9934,Person ID 100317,23.00
110253,421,2421,Person ID 110253,5.75
106974,419,9614,Person ID 106974,22.95
109477,404,4984,Person ID 109477,12.34
111830,384,7423,Person ID 111830,19.33
108202,372,8513,Person ID 108202,22.88
102743,371,4027,Person ID 102743,10.85
135072,353,5468,Person ID 135072,15.49
109502,345,5346,Person ID 109502,15.50
127489,304,5183,Person ID 127489,17.05
152905,276,3353,Person ID 152905,12.15
130181,267,9033,Person ID 130181,33.83
133671,259,3413,Person ID 133671,13.18
121329,253,7441,Person ID 121329,29.41
107391,251,6878,Person ID 107391,27.40
125681,236,4861,Person ID 125681,20.60
151773,218,14069,Person ID 151773,64.54
103802,216,1825,Person ID 103802,8.45
127516,215,5778,Person ID 127516,26.87
107847,213,3591,Person ID 107847,16.86
106868,203,3623,Person ID 106868,17.85
106295,200,3515,Person ID 106295,17.57
148196,185,5238,Person ID 148196,28.31
142366,184,2592,Person ID 142366,14.09
149964,183,2474,Person ID 149964,13.52
101768,178,2227,Person ID 101768,12.51
102718,175,1426,Person ID 102718,8.15
108098,172,5680,Person ID 108098,33.02
101126,170,2828,Person ID 101126,16.64
102646,156,3141,Person ID 102646,20.13
128173,152,1647,Person ID 128173,10.84
106389,150,2602,Person ID 106389,17.35
162989,150,2129,Person ID 162989,14.19
134840,148,893,Person ID 134840,6.03
135360,144,3363,Person ID 135360,23.35
106340,137,1502,Person ID 106340,10.96
100205,124,2157,Person ID 100205,17.40
147050,118,3557,Person ID 147050,30.14
128388,115,3138,Person ID 128388,27.29
102882,114,538,Person ID 102882,4.72
161759,109,1379,Person ID 161759,12.65
149970,109,267,Person ID 149970,2.45
101613,108,2671,Person ID 101613,24.73
120416,107,1404,Person ID 120416,13.12
104137,105,1748,Person ID 104137,16.65
134227,102,2738,Person ID 134227,26.84
107766,102,1552,Person ID 107766,15.22
107184,102,1228,Person ID 107184,12.04
111363,99,1323,Person ID 111363,13.36
105731,98,1105,Person ID 105731,11.28
107872,95,1547,Person ID 107872,16.28
140705,95,1478,Person ID 140705,15.56
144013,94,1775,Person ID 144013,18.88
102713,93,1927,Person ID 102713,20.72
131213,92,649,Person ID 131213,7.05
144016,91,732,Person ID 144016,8.04
152691,90,461,Person ID 152691,5.12
111760,89,1016,Person ID 111760,11.42
103841,88,1765,Person ID 103841,20.06
107301,87,2129,Person ID 107301,24.47
110803,87,1198,Person ID 110803,13.77
101588,87,632,Person ID 101588,7.26
101495,86,1051,Person ID 101495,12.22
102868,83,833,Person ID 102868,10.04
103179,82,1879,Person ID 103179,22.91
160222,82,1561,Person ID 160222,19.04
145502,82,1034,Person ID 145502,12.61
105964,82,701,Person ID 105964,8.55
156393,79,1101,Person ID 156393,13.94
143315,78,2090,Person ID 143315,26.79
167627,77,1457,Person ID 167627,18.92
100314,77,1410,Person ID 100314,18.31
135013,77,586,Person ID 135013,7.61
106424,76,947,Person ID 106424,12.46
108844,76,441,Person ID 108844,5.80
110646,74,1132,Person ID 110646,15.30
106687,72,1019,Person ID 106687,14.15
109003,72,660,Person ID 109003,9.17
160251,71,2031,Person ID 160251,28.61
106693,70,2352,Person ID 106693,33.60
109393,70,963,Person ID 109393,13.76
150532,69,1127,Person ID 150532,16.33
100238,69,1019,Person ID 100238,14.77
131965,67,497,Person ID 131965,7.42
110490,65,1884,Person ID 110490,28.98
100355,65,641,Person ID 100355,9.86
134704,63,1734,Person ID 134704,27.52
130308,63,1729,Person ID 130308,27.44
102011,63,1698,Person ID 102011,26.95
103074,63,869,Person ID 103074,13.79
153005,61,1443,Person ID 153005,23.66
106376,61,850,Person ID 106376,13.93
100253,61,804,Person ID 100253,13.18
147889,60,543,Person ID 147889,9.05
106052,58,740,Person ID 106052,12.76
121367,58,708,Person ID 121367,12.21
101735,58,633,Person ID 101735,10.91
140163,58,266,Person ID 140163,4.59
103373,57,363,Person ID 103373,6.37
105606,56,481,Person ID 105606,8.59
109746,55,1824,Person ID 109746,33.16
121684,55,730,Person ID 121684,13.27
108689,54,791,Person ID 108689,14.65
103904,54,491,Person ID 103904,9.09
104754,53,754,Person ID 104754,14.23
123257,53,690,Person ID 123257,13.02
162159,53,687,Person ID 162159,12.96
101072,53,682,Person ID 101072,12.87
109445,53,478,Person ID 109445,9.02
167885,52,1415,Person ID 167885,27.21
172995,51,1046,Person ID 172995,20.51
135185,51,937,Person ID 135185,18.37
126311,51,307,Person ID 126311,6.02
154251,51,293,Person ID 154251,5.75
103040,49,733,Person ID 103040,14.96
184666,49,451,Person ID 184666,9.20
120619,48,746,Person ID 120619,15.54
102686,47,1244,Person ID 102686,26.47
102330,47,759,Person ID 102330,16.15
106863,46,566,Person ID 106863,12.30
121063,46,562,Person ID 121063,12.22
126146,45,1133,Person ID 126146,25.18
109925,45,567,Person ID 109925,12.60
145711,45,342,Person ID 145711,7.60
127485,44,901,Person ID 127485,20.48
139674,44,866,Person ID 139674,19.68
111251,44,639,Person ID 111251,14.52
135000,44,461,Person ID 135000,10.48
100223,44,332,Person ID 100223,7.55
128005,44,320,Person ID 128005,7.27
104462,43,546,Person ID 104462,12.70
128800,42,817,Person ID 128800,19.45
106266,42,651,Person ID 106266,15.50
148040,41,864,Person ID 148040,21.07
148745,41,432,Person ID 148745,10.54
100319,40,983,Person ID 100319,24.57
102345,40,810,Person ID 102345,20.25
105108,39,367,Person ID 105108,9.41
105611,38,642,Person ID 105611,16.89
110299,38,588,Person ID 110299,15.47
172302,38,478,Person ID 172302,12.58
176962,37,1253,Person ID 176962,33.86
103023,37,362,Person ID 103023,9.78
111002,36,720,Person ID 111002,20.00
130336,36,218,Person ID 130336,6.06
135217,35,403,Person ID 135217,11.51
125727,35,305,Person ID 125727,8.71
122426,35,238,Person ID 122426,6.80
122967,35,220,Person ID 122967,6.29
105141,34,809,Person ID 105141,23.79
121276,34,631,Person ID 121276,18.56
106574,34,341,Person ID 106574,10.03
139554,33,386,Person ID 139554,11.70
177185,32,1049,Person ID 177185,32.78
131928,32,897,Person ID 131928,28.03
103309,32,709,Person ID 103309,22.16
106007,32,693,Person ID 106007,21.66
130347,32,675,Person ID 130347,21.09
132393,32,617,Person ID 132393,19.28
173943,31,957,Person ID 173943,30.87
162657,31,618,Person ID 162657,19.94
126660,31,454,Person ID 126660,14.65
105738,30,834,Person ID 105738,27.80
143038,30,679,Person ID 143038,22.63
148100,30,634,Person ID 148100,21.13
136791,30,474,Person ID 136791,15.80
107763,30,405,Person ID 107763,13.50
127777,30,354,Person ID 127777,11.80
123727,30,304,Person ID 123727,10.13
101750,30,301,Person ID 101750,10.03
134499,30,115,Person ID 134499,3.83
133579,29,1278,Person ID 133579,44.07
169229,29,1206,Person ID 169229,41.59
103050,29,1072,Person ID 103050,36.97
150533,29,994,Person ID 150533,34.28
132113,29,655,Person ID 132113,22.59
153540,29,564,Person ID 153540,19.45
184595,29,408,Person ID 184595,14.07
155325,29,264,Person ID 155325,9.10
166965,28,452,Person ID 166965,16.14
100298,28,437,Person ID 100298,15.61
163264,28,436,Person ID 163264,15.57
104911,28,266,Person ID 104911,9.50
149124,27,555,Person ID 149124,20.56
107269,27,365,Person ID 107269,13.52
163561,26,920,Person ID 163561,35.38
104844,26,889,Person ID 104844,34.19
101034,26,495,Person ID 101034,19.04
178945,26,421,Person ID 178945,16.19
100331,26,375,Person ID 100331,14.42
105142,26,346,Person ID 105142,13.31
137228,26,310,Person ID 137228,11.92
105433,26,306,Person ID 105433,11.77
106619,26,302,Person ID 106619,11.62
107355,26,287,Person ID 107355,11.04
107764,26,246,Person ID 107764,9.46
157008,25,572,Person ID 157008,22.88
167770,25,549,Person ID 167770,21.96
172253,25,492,Person ID 172253,19.68
126735,25,310,Person ID 126735,12.40
106527,25,219,Person ID 106527,8.76
126201,25,129,Person ID 126201,5.16
103011,24,726,Person ID 103011,30.25
123360,24,498,Person ID 123360,20.75
167893,24,322,Person ID 167893,13.42
103595,24,242,Person ID 103595,10.08
154197,24,158,Person ID 154197,6.58
112426,23,399,Person ID 112426,17.35
105767,23,354,Person ID 105767,15.39
103754,23,301,Person ID 103754,13.09
104728,23,287,Person ID 104728,12.48
125730,23,262,Person ID 125730,11.39
108727,23,229,Person ID 108727,9.96
112095,23,199,Person ID 112095,8.65
172572,23,155,Person ID 172572,6.74
162500,23,98,Person ID 162500,4.26
178112,22,716,Person ID 178112,32.55
170819,22,673,Person ID 170819,30.59
147732,22,580,Person ID 147732,26.36
108124,22,336,Person ID 108124,15.27
102934,22,305,Person ID 102934,13.86
132339,22,301,Person ID 132339,13.68
124047,22,274,Person ID 124047,12.45
100040,21,928,Person ID 100040,44.19
110949,21,744,Person ID 110949,35.43
152937,21,678,Person ID 152937,32.29
155324,21,579,Person ID 155324,27.57
184829,21,510,Person ID 184829,24.29
151235,21,389,Person ID 151235,18.52
100070,21,324,Person ID 100070,15.43
152648,21,258,Person ID 152648,12.29
151203,21,257,Person ID 151203,12.24
103047,21,213,Person ID 103047,10.14
108323,21,209,Person ID 108323,9.95
111065,21,179,Person ID 111065,8.52
142946,21,138,Person ID 142946,6.57
111555,21,131,Person ID 111555,6.24
101193,21,93,Person ID 101193,4.43
161221,20,634,Person ID 161221,31.70
172016,20,492,Person ID 172016,24.60
141376,20,330,Person ID 141376,16.50
101770,20,313,Person ID 101770,15.65
142224,20,251,Person ID 142224,12.55
129817,20,238,Person ID 129817,11.90
149130,20,231,Person ID 149130,11.55
110942,20,218,Person ID 110942,10.90
123180,20,125,Person ID 123180,6.25
140557,19,624,Person ID 140557,32.84
100276,19,534,Person ID 100276,28.11
104172,19,514,Person ID 104172,27.05
106629,19,374,Person ID 106629,19.68
108267,19,307,Person ID 108267,16.16
162803,19,257,Person ID 162803,13.53
128144,19,255,Person ID 128144,13.42
104793,19,249,Person ID 104793,13.11
101173,19,242,Person ID 101173,12.74
107069,19,215,Person ID 107069,11.32
100234,19,195,Person ID 100234,10.26
181013,19,133,Person ID 181013,7.00
112806,19,127,Person ID 112806,6.68
112276,19,116,Person ID 112276,6.11
109034,18,335,Person ID 109034,18.61
105934,18,299,Person ID 105934,16.61
131628,18,290,Person ID 131628,16.11
145882,18,198,Person ID 145882,11.00
103718,18,155,Person ID 103718,8.61
103516,18,113,Person ID 103516,6.28
102523,17,720,Person ID 102523,42.35
173027,17,447,Person ID 173027,26.29
103280,17,407,Person ID 103280,23.94
108992,17,261,Person ID 108992,15.35
161893,17,233,Person ID 161893,13.71
133114,17,226,Person ID 133114,13.29
154795,17,157,Person ID 154795,9.24
158037,17,152,Person ID 158037,8.94
107158,17,129,Person ID 107158,7.59
102670,16,484,Person ID 102670,30.25
184340,16,469,Person ID 184340,29.31
183921,16,467,Person ID 183921,29.19
162452,16,338,Person ID 162452,21.13
105650,16,308,Person ID 105650,19.25
146926,16,306,Person ID 146926,19.13
189898,16,183,Person ID 189898,11.44
105982,16,165,Person ID 105982,10.31
110779,16,162,Person ID 110779,10.13
109876,16,129,Person ID 109876,8.06
151151,16,126,Person ID 151151,7.88
134987,16,111,Person ID 134987,6.94
103427,15,707,Person ID 103427,47.13
104186,15,319,Person ID 104186,21.27
100055,15,302,Person ID 100055,20.13
137841,15,281,Person ID 137841,18.73
164931,15,264,Person ID 164931,17.60
172646,15,216,Person ID 172646,14.40
100182,15,199,Person ID 100182,13.27
122954,15,178,Person ID 122954,11.87
160509,15,169,Person ID 160509,11.27
182519,15,128,Person ID 182519,8.53
158604,14,663,Person ID 158604,47.36
120472,14,386,Person ID 120472,27.57
167771,14,317,Person ID 167771,22.64
109618,14,255,Person ID 109618,18.21
173532,14,230,Person ID 173532,16.43
151916,14,227,Person ID 151916,16.21
100135,14,195,Person ID 100135,13.93
103353,14,195,Person ID 103353,13.93
105393,14,173,Person ID 105393,12.36
147647,14,170,Person ID 147647,12.14
149297,14,148,Person ID 149297,10.57
130073,14,132,Person ID 130073,9.43
112769,14,128,Person ID 112769,9.14
111232,14,126,Person ID 111232,9.00
103305,14,121,Person ID 103305,8.64
100349,14,115,Person ID 100349,8.21
103015,14,80,Person ID 103015,5.71
108103,14,52,Person ID 108103,3.71
104341,14,45,Person ID 104341,3.21
132864,13,193,Person ID 132864,14.85
106245,13,186,Person ID 106245,14.31
145597,13,171,Person ID 145597,13.15
189889,13,159,Person ID 189889,12.23
100336,13,145,Person ID 100336,11.15
102232,13,138,Person ID 102232,10.62
152240,13,132,Person ID 152240,10.15
102617,13,130,Person ID 102617,10.00
160986,13,116,Person ID 160986,8.92
138562,13,59,Person ID 138562,4.54
100207,12,451,Person ID 100207,37.58
100046,12,421,Person ID 100046,35.08
175381,12,321,Person ID 175381,26.75
105416,12,299,Person ID 105416,24.92
107001,12,286,Person ID 107001,23.83
162670,12,253,Person ID 162670,21.08
101501,12,206,Person ID 101501,17.17
120767,12,181,Person ID 120767,15.08
128828,12,155,Person ID 128828,12.92
127461,12,152,Person ID 127461,12.67
110780,12,131,Person ID 110780,10.92
108718,12,125,Person ID 108718,10.42
108406,12,122,Person ID 108406,10.17
102237,12,110,Person ID 102237,9.17
127517,12,87,Person ID 127517,7.25
131331,12,64,Person ID 131331,5.33
102214,12,47,Person ID 102214,3.92
101743,12,35,Person ID 101743,2.92
167772,11,296,Person ID 167772,26.91
137876,11,224,Person ID 137876,20.36
103043,11,222,Person ID 103043,20.18
125775,11,191,Person ID 125775,17.36
100338,11,182,Person ID 100338,16.55
104469,11,174,Person ID 104469,15.82
128146,11,172,Person ID 128146,15.64
128141,11,169,Person ID 128141,15.36
171300,11,139,Person ID 171300,12.64
155224,11,130,Person ID 155224,11.82
111614,11,122,Person ID 111614,11.09
151005,11,112,Person ID 151005,10.18
166573,11,110,Person ID 166573,10.00
180894,11,106,Person ID 180894,9.64
161124,11,89,Person ID 161124,8.09
135268,11,80,Person ID 135268,7.27
104797,11,73,Person ID 104797,6.64
100252,11,66,Person ID 100252,6.00
152936,10,425,Person ID 152936,42.50
156474,10,412,Person ID 156474,41.20
170478,10,328,Person ID 170478,32.80
107545,10,308,Person ID 107545,30.80
110115,10,258,Person ID 110115,25.80
106488,10,187,Person ID 106488,18.70
111178,10,135,Person ID 111178,13.50
111989,10,122,Person ID 111989,12.20
143057,10,98,Person ID 143057,9.80
111929,10,79,Person ID 111929,7.90
133977,10,79,Person ID 133977,7.90
100221,10,77,Person ID 100221,7.70
110732,10,76,Person ID 110732,7.60
120411,10,74,Person ID 120411,7.40
131279,10,68,Person ID 131279,6.80
129668,10,50,Person ID 129668,5.00
112308,10,37,Person ID 112308,3.70
112567,10,20,Person ID 112567,2.00
126691,9,223,Person ID 126691,24.78
132741,9,210,Person ID 132741,23.33
145479,9,196,Person ID 145479,21.78
130962,9,191,Person ID 130962,21.22
127550,9,185,Person ID 127550,20.56
108832,9,168,Person ID 108832,18.67
185558,9,139,Person ID 185558,15.44
192079,9,136,Person ID 192079,15.11
127769,9,122,Person ID 127769,13.56
105907,9,110,Person ID 105907,12.22
110285,9,109,Person ID 110285,12.11
141956,9,95,Person ID 141956,10.56
107688,9,88,Person ID 107688,9.78
132423,9,86,Person ID 132423,9.56
150799,9,85,Person ID 150799,9.44
147673,9,79,Person ID 147673,8.78
105206,9,76,Person ID 105206,8.44
113017,9,72,Person ID 113017,8.00
106109,9,71,Person ID 106109,7.89
100353,9,70,Person ID 100353,7.78
101203,9,58,Person ID 101203,6.44
131284,9,58,Person ID 131284,6.44
104596,9,56,Person ID 104596,6.22
153014,8,330,Person ID 153014,41.25
178080,8,236,Person ID 178080,29.50
190140,8,199,Person ID 190140,24.88
127519,8,190,Person ID 127519,23.75
100934,8,185,Person ID 100934,23.13
141086,8,133,Person ID 141086,16.63
163192,8,130,Person ID 163192,16.25
144425,8,108,Person ID 144425,13.50
127161,8,102,Person ID 127161,12.75
106289,8,61,Person ID 106289,7.63
110941,8,60,Person ID 110941,7.50
106493,8,57,Person ID 106493,7.13
102671,8,55,Person ID 102671,6.88
137889,8,43,Person ID 137889,5.38
103999,8,39,Person ID 103999,4.88
130125,8,35,Person ID 130125,4.38
152871,7,423,Person ID 152871,60.43
110641,7,258,Person ID 110641,36.86
104143,7,215,Person ID 104143,30.71
109109,7,214,Person ID 109109,30.57
106711,7,201,Person ID 106711,28.71
186840,7,178,Person ID 186840,25.43
137101,7,176,Person ID 137101,25.14
170035,7,159,Person ID 170035,22.71
154453,7,147,Person ID 154453,21.00
106287,7,139,Person ID 106287,19.86
121625,7,138,Person ID 121625,19.71
106554,7,120,Person ID 106554,17.14
187033,7,119,Person ID 187033,17.00
159603,7,115,Person ID 159603,16.43
185269,7,100,Person ID 185269,14.29
134433,7,97,Person ID 134433,13.86
170927,7,96,Person ID 170927,13.71
100117,7,81,Person ID 100117,11.57
106380,7,78,Person ID 106380,11.14
100195,7,77,Person ID 100195,11.00
110778,7,69,Person ID 110778,9.86
163238,7,68,Person ID 163238,9.71
140627,7,61,Person ID 140627,8.71
112863,7,46,Person ID 112863,6.57
108989,7,31,Person ID 108989,4.43
160333,6,427,Person ID 160333,71.17
100283,6,323,Person ID 100283,53.83
156155,6,298,Person ID 156155,49.67
184704,6,241,Person ID 184704,40.17
134277,6,234,Person ID 134277,39.00
162458,6,227,Person ID 162458,37.83
190104,6,150,Person ID 190104,25.00
151138,6,140,Person ID 151138,23.33
139695,6,136,Person ID 139695,22.67
100316,6,135,Person ID 100316,22.50
152913,6,124,Person ID 152913,20.67
135341,6,112,Person ID 135341,18.67
146267,6,105,Person ID 146267,17.50
105644,6,100,Person ID 105644,16.67
123041,6,100,Person ID 123041,16.67
187032,6,99,Person ID 187032,16.50
136913,6,96,Person ID 136913,16.00
157753,6,95,Person ID 157753,15.83
165770,6,90,Person ID 165770,15.00
102424,6,84,Person ID 102424,14.00
109456,6,84,Person ID 109456,14.00
103801,6,82,Person ID 103801,13.67
109017,6,82,Person ID 109017,13.67
129946,6,81,Person ID 129946,13.50
102717,6,75,Person ID 102717,12.50
141224,6,75,Person ID 141224,12.50
102582,6,70,Person ID 102582,11.67
111334,6,68,Person ID 111334,11.33
170726,6,67,Person ID 170726,11.17
102378,6,66,Person ID 102378,11.00
135747,6,66,Person ID 135747,11.00
154889,6,60,Person ID 154889,10.00
108248,6,55,Person ID 108248,9.17
106788,6,54,Person ID 106788,9.00
103901,6,51,Person ID 103901,8.50
108039,6,50,Person ID 108039,8.33
109412,6,49,Person ID 109412,8.17
123875,6,47,Person ID 123875,7.83
148282,6,46,Person ID 148282,7.67
112471,6,40,Person ID 112471,6.67
123322,6,39,Person ID 123322,6.50
129419,6,39,Person ID 129419,6.50
109975,6,37,Person ID 109975,6.17
102539,6,36,Person ID 102539,6.00
110140,6,32,Person ID 110140,5.33
100126,6,28,Person ID 100126,4.67
107575,6,26,Person ID 107575,4.33
112737,6,25,Person ID 112737,4.17
102805,6,22,Person ID 102805,3.67
173026,5,248,Person ID 173026,49.60
106342,5,217,Person ID 106342,43.40
102681,5,215,Person ID 102681,43.00
158338,5,213,Person ID 158338,42.60
109633,5,181,Person ID 109633,36.20
157731,5,137,Person ID 157731,27.40
101241,5,122,Person ID 101241,24.40
101459,5,114,Person ID 101459,22.80
100925,5,108,Person ID 100925,21.60
112361,5,104,Person ID 112361,20.80
106633,5,103,Person ID 106633,20.60
157720,5,102,Person ID 157720,20.40
100337,5,99,Person ID 100337,19.80
104319,5,99,Person ID 104319,19.80
169252,5,99,Person ID 169252,19.80
150763,5,97,Person ID 150763,19.40
160233,5,96,Person ID 160233,19.20
108919,5,94,Person ID 108919,18.80
100991,5,92,Person ID 100991,18.40
108446,5,84,Person ID 108446,16.80
111135,5,77,Person ID 111135,15.40
128107,5,74,Person ID 128107,14.80
172014,5,74,Person ID 172014,14.80
127540,5,73,Person ID 127540,14.60
184609,5,73,Person ID 184609,14.60
122106,5,72,Person ID 122106,14.40
165179,5,70,Person ID 165179,14.00
110040,5,69,Person ID 110040,13.80
152636,5,67,Person ID 152636,13.40
121305,5,63,Person ID 121305,12.60
106106,5,58,Person ID 106106,11.60
101349,5,56,Person ID 101349,11.20
102148,5,54,Person ID 102148,10.80
103673,5,52,Person ID 103673,10.40
102063,5,51,Person ID 102063,10.20
110784,5,51,Person ID 110784,10.20
192281,5,51,Person ID 192281,10.20
161269,5,50,Person ID 161269,10.00
129909,5,48,Person ID 129909,9.60
175011,5,48,Person ID 175011,9.60
146635,5,46,Person ID 146635,9.20
104130,5,45,Person ID 104130,9.00
186039,5,45,Person ID 186039,9.00
107581,5,44,Person ID 107581,8.80
144128,5,40,Person ID 144128,8.00
127525,5,34,Person ID 127525,6.80
122247,5,33,Person ID 122247,6.60
109715,5,29,Person ID 109715,5.80
102519,5,27,Person ID 102519,5.40
135895,5,27,Person ID 135895,5.40
156389,5,24,Person ID 156389,4.80
111022,5,14,Person ID 111022,2.80
101209,5,10,Person ID 101209,2.00
178670,4,199,Person ID 178670,49.75
105444,4,191,Person ID 105444,47.75
108774,4,154,Person ID 108774,38.50
124236,4,135,Person ID 124236,33.75
100904,4,131,Person ID 100904,32.75
154677,4,96,Person ID 154677,24.00
103284,4,94,Person ID 103284,23.50
121097,4,93,Person ID 121097,23.25
106502,4,92,Person ID 106502,23.00
171476,4,91,Person ID 171476,22.75
127300,4,84,Person ID 127300,21.00
151471,4,80,Person ID 151471,20.00
106102,4,74,Person ID 106102,18.50
106922,4,69,Person ID 106922,17.25
101468,4,67,Person ID 101468,16.75
103420,4,67,Person ID 103420,16.75
154623,4,67,Person ID 154623,16.75
164785,4,63,Person ID 164785,15.75
185176,4,63,Person ID 185176,15.75
111962,4,62,Person ID 111962,15.50
135267,4,60,Person ID 135267,15.00
107829,4,58,Person ID 107829,14.50
105916,4,56,Person ID 105916,14.00
103145,4,55,Person ID 103145,13.75
140776,4,55,Person ID 140776,13.75
1,4,53,Person ID 1,13.25
167903,4,53,Person ID 167903,13.25
129944,4,52,Person ID 129944,13.00
161371,4,52,Person ID 161371,13.00
172503,4,52,Person ID 172503,13.00
101736,4,50,Person ID 101736,12.50
105415,4,50,Person ID 105415,12.50
112446,4,50,Person ID 112446,12.50
106929,4,49,Person ID 106929,12.25
131336,4,49,Person ID 131336,12.25
100962,4,41,Person ID 100962,10.25
132137,4,41,Person ID 132137,10.25
173368,4,38,Person ID 173368,9.50
136955,4,35,Person ID 136955,8.75
111917,4,34,Person ID 111917,8.50
106630,4,30,Person ID 106630,7.50
100289,4,29,Person ID 100289,7.25
112091,4,27,Person ID 112091,6.75
129671,4,27,Person ID 129671,6.75
120895,4,25,Person ID 120895,6.25
103443,4,24,Person ID 103443,6.00
160188,4,23,Person ID 160188,5.75
155114,4,22,Person ID 155114,5.50
136768,4,18,Person ID 136768,4.50
100074,4,8,Person ID 100074,2.00
101824,4,8,Person ID 101824,2.00
190446,3,293,Person ID 190446,97.67
100092,3,164,Person ID 100092,54.67
173123,3,160,Person ID 173123,53.33
187071,3,149,Person ID 187071,49.67
167285,3,145,Person ID 167285,48.33
150872,3,132,Person ID 150872,44.00
178105,3,131,Person ID 178105,43.67
158246,3,95,Person ID 158246,31.67
162845,3,92,Person ID 162845,30.67
191911,3,91,Person ID 191911,30.33
101245,3,78,Person ID 101245,26.00
189643,3,76,Person ID 189643,25.33
101014,3,71,Person ID 101014,23.67
101925,3,71,Person ID 101925,23.67
145333,3,70,Person ID 145333,23.33
166339,3,68,Person ID 166339,22.67
140468,3,67,Person ID 140468,22.33
162728,3,67,Person ID 162728,22.33
151899,3,64,Person ID 151899,21.33
104195,3,63,Person ID 104195,21.00
167681,3,61,Person ID 167681,20.33
112476,3,55,Person ID 112476,18.33
148922,3,53,Person ID 148922,17.67
100942,3,52,Person ID 100942,17.33
139271,3,52,Person ID 139271,17.33
104320,3,48,Person ID 104320,16.00
140633,3,47,Person ID 140633,15.67
102074,3,46,Person ID 102074,15.33
156403,3,46,Person ID 156403,15.33
158617,3,45,Person ID 158617,15.00
171271,3,45,Person ID 171271,15.00
192924,3,41,Person ID 192924,13.67
130115,3,40,Person ID 130115,13.33
153768,3,40,Person ID 153768,13.33
104490,3,39,Person ID 104490,13.00
180834,3,37,Person ID 180834,12.33
143230,3,36,Person ID 143230,12.00
149934,3,35,Person ID 149934,11.67
101455,3,34,Person ID 101455,11.33
152127,3,33,Person ID 152127,11.00
107241,3,32,Person ID 107241,10.67
146766,3,32,Person ID 146766,10.67
111500,3,31,Person ID 111500,10.33
132724,3,31,Person ID 132724,10.33
158096,3,31,Person ID 158096,10.33
101394,3,30,Person ID 101394,10.00
102677,3,30,Person ID 102677,10.00
179449,3,30,Person ID 179449,10.00
136893,3,29,Person ID 136893,9.67
100318,3,28,Person ID 100318,9.33
123384,3,28,Person ID 123384,9.33
109626,3,27,Person ID 109626,9.00
158257,3,27,Person ID 158257,9.00
108842,3,26,Person ID 108842,8.67
109057,3,26,Person ID 109057,8.67
103924,3,25,Person ID 103924,8.33
128487,3,24,Person ID 128487,8.00
146955,3,24,Person ID 146955,8.00
112618,3,23,Person ID 112618,7.67
146757,3,23,Person ID 146757,7.67
101027,3,22,Person ID 101027,7.33
121167,3,22,Person ID 121167,7.33
130683,3,22,Person ID 130683,7.33
132159,3,21,Person ID 132159,7.00
108498,3,20,Person ID 108498,6.67
102887,3,19,Person ID 102887,6.33
104373,3,19,Person ID 104373,6.33
121267,3,19,Person ID 121267,6.33
125125,3,19,Person ID 125125,6.33
145968,3,19,Person ID 145968,6.33
121087,3,18,Person ID 121087,6.00
104141,3,16,Person ID 104141,5.33
127560,3,14,Person ID 127560,4.67
153166,3,14,Person ID 153166,4.67
107073,3,12,Person ID 107073,4.00
121814,3,12,Person ID 121814,4.00
111268,3,10,Person ID 111268,3.33
108817,3,6,Person ID 108817,2.00
112068,3,6,Person ID 112068,2.00
125942,3,6,Person ID 125942,2.00
131382,3,6,Person ID 131382,2.00
140473,3,6,Person ID 140473,2.00
174632,2,117,Person ID 174632,58.50
156150,2,103,Person ID 156150,51.50
184564,2,97,Person ID 184564,48.50
110526,2,88,Person ID 110526,44.00
122675,2,84,Person ID 122675,42.00
135182,2,80,Person ID 135182,40.00
158715,2,79,Person ID 158715,39.50
155608,2,76,Person ID 155608,38.00
146052,2,74,Person ID 146052,37.00
182571,2,70,Person ID 182571,35.00
164372,2,68,Person ID 164372,34.00
109428,2,67,Person ID 109428,33.50
165973,2,65,Person ID 165973,32.50
173096,2,64,Person ID 173096,32.00
103127,2,62,Person ID 103127,31.00
186087,2,62,Person ID 186087,31.00
122046,2,59,Person ID 122046,29.50
186143,2,58,Person ID 186143,29.00
152586,2,56,Person ID 152586,28.00
156939,2,56,Person ID 156939,28.00
100944,2,54,Person ID 100944,27.00
107443,2,54,Person ID 107443,27.00
112745,2,53,Person ID 112745,26.50
176232,2,53,Person ID 176232,26.50
177341,2,53,Person ID 177341,26.50
166217,2,52,Person ID 166217,26.00
148330,2,51,Person ID 148330,25.50
158747,2,51,Person ID 158747,25.50
182588,2,51,Person ID 182588,25.50
151433,2,49,Person ID 151433,24.50
103222,2,46,Person ID 103222,23.00
111520,2,46,Person ID 111520,23.00
102428,2,44,Person ID 102428,22.00
107595,2,43,Person ID 107595,21.50
144419,2,41,Person ID 144419,20.50
101665,2,40,Person ID 101665,20.00
130002,2,40,Person ID 130002,20.00
126640,2,39,Person ID 126640,19.50
178798,2,39,Person ID 178798,19.50
179530,2,39,Person ID 179530,19.50
106875,2,38,Person ID 106875,19.00
121149,2,38,Person ID 121149,19.00
104579,2,37,Person ID 104579,18.50
109449,2,37,Person ID 109449,18.50
109973,2,36,Person ID 109973,18.00
159546,2,36,Person ID 159546,18.00
184432,2,36,Person ID 184432,18.00
130786,2,34,Person ID 130786,17.00
134373,2,34,Person ID 134373,17.00
156363,2,34,Person ID 156363,17.00
111719,2,33,Person ID 111719,16.50
112825,2,33,Person ID 112825,16.50
165292,2,33,Person ID 165292,16.50
103010,2,32,Person ID 103010,16.00
103877,2,32,Person ID 103877,16.00
141880,2,32,Person ID 141880,16.00
175829,2,32,Person ID 175829,16.00
100357,2,29,Person ID 100357,14.50
102136,2,29,Person ID 102136,14.50
101874,2,28,Person ID 101874,14.00
111362,2,27,Person ID 111362,13.50
127185,2,27,Person ID 127185,13.50
163409,2,27,Person ID 163409,13.50
163765,2,27,Person ID 163765,13.50
102219,2,26,Person ID 102219,13.00
111275,2,26,Person ID 111275,13.00
106877,2,25,Person ID 106877,12.50
111715,2,24,Person ID 111715,12.00
141912,2,24,Person ID 141912,12.00
100850,2,23,Person ID 100850,11.50
101022,2,23,Person ID 101022,11.50
107235,2,23,Person ID 107235,11.50
107501,2,23,Person ID 107501,11.50
111469,2,23,Person ID 111469,11.50
135854,2,23,Person ID 135854,11.50
162960,2,23,Person ID 162960,11.50
100063,2,22,Person ID 100063,11.00
101642,2,22,Person ID 101642,11.00
106811,2,22,Person ID 106811,11.00
107132,2,22,Person ID 107132,11.00
107531,2,22,Person ID 107531,11.00
120745,2,22,Person ID 120745,11.00
125943,2,22,Person ID 125943,11.00
126641,2,22,Person ID 126641,11.00
167334,2,22,Person ID 167334,11.00
125705,2,21,Person ID 125705,10.50
133157,2,21,Person ID 133157,10.50
138034,2,21,Person ID 138034,10.50
107504,2,20,Person ID 107504,10.00
112475,2,20,Person ID 112475,10.00
123478,2,20,Person ID 123478,10.00
179487,2,20,Person ID 179487,10.00
107586,2,19,Person ID 107586,9.50
110630,2,19,Person ID 110630,9.50
126114,2,19,Person ID 126114,9.50
130912,2,19,Person ID 130912,9.50
104228,2,18,Person ID 104228,9.00
134315,2,18,Person ID 134315,9.00
142973,2,18,Person ID 142973,9.00
105067,2,17,Person ID 105067,8.50
175554,2,17,Person ID 175554,8.50
104218,2,16,Person ID 104218,8.00
105764,2,16,Person ID 105764,8.00
124775,2,16,Person ID 124775,8.00
144570,2,16,Person ID 144570,8.00
184832,2,16,Person ID 184832,8.00
121230,2,15,Person ID 121230,7.50
129789,2,15,Person ID 129789,7.50
186071,2,15,Person ID 186071,7.50
105417,2,14,Person ID 105417,7.00
109056,2,14,Person ID 109056,7.00
111044,2,14,Person ID 111044,7.00
112038,2,14,Person ID 112038,7.00
134376,2,14,Person ID 134376,7.00
135589,2,14,Person ID 135589,7.00
129522,2,13,Person ID 129522,6.50
108609,2,12,Person ID 108609,6.00
109121,2,12,Person ID 109121,6.00
110208,2,12,Person ID 110208,6.00
120295,2,12,Person ID 120295,6.00
127776,2,12,Person ID 127776,6.00
131995,2,12,Person ID 131995,6.00
145894,2,12,Person ID 145894,6.00
175332,2,12,Person ID 175332,6.00
106512,2,11,Person ID 106512,5.50
121861,2,11,Person ID 121861,5.50
142949,2,11,Person ID 142949,5.50
100212,2,10,Person ID 100212,5.00
100329,2,10,Person ID 100329,5.00
100916,2,9,Person ID 100916,4.50
101676,2,8,Person ID 101676,4.00
148663,2,8,Person ID 148663,4.00
110332,2,7,Person ID 110332,3.50
129395,2,7,Person ID 129395,3.50
109227,2,6,Person ID 109227,3.00
109311,2,6,Person ID 109311,3.00
134403,2,6,Person ID 134403,3.00
145925,2,6,Person ID 145925,3.00
100909,2,4,Person ID 100909,2.00
101504,2,4,Person ID 101504,2.00
102176,2,4,Person ID 102176,2.00
104221,2,4,Person ID 104221,2.00
108293,2,4,Person ID 108293,2.00
108799,2,4,Person ID 108799,2.00
109416,2,4,Person ID 109416,2.00
110983,2,4,Person ID 110983,2.00
127483,2,4,Person ID 127483,2.00
135164,2,4,Person ID 135164,2.00
149770,2,4,Person ID 149770,2.00
138815,1,80,Person ID 138815,80.00
158322,1,74,Person ID 158322,74.00
120268,1,68,Person ID 120268,68.00
104433,1,53,Person ID 104433,53.00
102314,1,47,Person ID 102314,47.00
146055,1,47,Person ID 146055,47.00
108398,1,46,Person ID 108398,46.00
143627,1,43,Person ID 143627,43.00
185035,1,43,Person ID 185035,43.00
171420,1,42,Person ID 171420,42.00
176688,1,42,Person ID 176688,42.00
158069,1,41,Person ID 158069,41.00
168926,1,41,Person ID 168926,41.00
159881,1,40,Person ID 159881,40.00
174354,1,39,Person ID 174354,39.00
163040,1,36,Person ID 163040,36.00
125685,1,35,Person ID 125685,35.00
144472,1,35,Person ID 144472,35.00
175874,1,35,Person ID 175874,35.00
148101,1,31,Person ID 148101,31.00
107582,1,30,Person ID 107582,30.00
144507,1,28,Person ID 144507,28.00
184482,1,28,Person ID 184482,28.00
125156,1,27,Person ID 125156,27.00
101955,1,26,Person ID 101955,26.00
104173,1,26,Person ID 104173,26.00
179112,1,26,Person ID 179112,26.00
190946,1,26,Person ID 190946,26.00
128379,1,25,Person ID 128379,25.00
152654,1,25,Person ID 152654,25.00
153035,1,25,Person ID 153035,25.00
168603,1,25,Person ID 168603,25.00
172262,1,25,Person ID 172262,25.00
187425,1,25,Person ID 187425,25.00
189522,1,25,Person ID 189522,25.00
101970,1,24,Person ID 101970,24.00
106002,1,24,Person ID 106002,24.00
125459,1,24,Person ID 125459,24.00
148344,1,24,Person ID 148344,24.00
109674,1,23,Person ID 109674,23.00
110993,1,23,Person ID 110993,23.00
138357,1,23,Person ID 138357,23.00
147799,1,23,Person ID 147799,23.00
108120,1,22,Person ID 108120,22.00
108423,1,22,Person ID 108423,22.00
127784,1,22,Person ID 127784,22.00
137273,1,22,Person ID 137273,22.00
157694,1,22,Person ID 157694,22.00
146587,1,21,Person ID 146587,21.00
151330,1,21,Person ID 151330,21.00
163178,1,21,Person ID 163178,21.00
167447,1,21,Person ID 167447,21.00
104893,1,20,Person ID 104893,20.00
134443,1,20,Person ID 134443,20.00
144017,1,20,Person ID 144017,20.00
107539,1,19,Person ID 107539,19.00
121548,1,19,Person ID 121548,19.00
127309,1,19,Person ID 127309,19.00
128633,1,19,Person ID 128633,19.00
129606,1,19,Person ID 129606,19.00
149010,1,19,Person ID 149010,19.00
106292,1,18,Person ID 106292,18.00
123186,1,18,Person ID 123186,18.00
123913,1,18,Person ID 123913,18.00
128357,1,18,Person ID 128357,18.00
130074,1,18,Person ID 130074,18.00
135708,1,18,Person ID 135708,18.00
144464,1,18,Person ID 144464,18.00
146305,1,18,Person ID 146305,18.00
170724,1,18,Person ID 170724,18.00
101739,1,17,Person ID 101739,17.00
111941,1,17,Person ID 111941,17.00
120000,1,17,Person ID 120000,17.00
105484,1,16,Person ID 105484,16.00
105998,1,16,Person ID 105998,16.00
111041,1,16,Person ID 111041,16.00
121864,1,16,Person ID 121864,16.00
131664,1,16,Person ID 131664,16.00
173843,1,16,Person ID 173843,16.00
177314,1,16,Person ID 177314,16.00
178825,1,16,Person ID 178825,16.00
193132,1,16,Person ID 193132,16.00
101896,1,15,Person ID 101896,15.00
105502,1,15,Person ID 105502,15.00
113027,1,15,Person ID 113027,15.00
124453,1,15,Person ID 124453,15.00
155929,1,15,Person ID 155929,15.00
102471,1,14,Person ID 102471,14.00
107059,1,14,Person ID 107059,14.00
108646,1,14,Person ID 108646,14.00
112029,1,14,Person ID 112029,14.00
127562,1,14,Person ID 127562,14.00
128555,1,14,Person ID 128555,14.00
140464,1,14,Person ID 140464,14.00
155261,1,14,Person ID 155261,14.00
156372,1,14,Person ID 156372,14.00
156555,1,14,Person ID 156555,14.00
163325,1,14,Person ID 163325,14.00
103285,1,13,Person ID 103285,13.00
126728,1,13,Person ID 126728,13.00
132416,1,13,Person ID 132416,13.00
143474,1,13,Person ID 143474,13.00
101142,1,12,Person ID 101142,12.00
101920,1,12,Person ID 101920,12.00
102642,1,12,Person ID 102642,12.00
103029,1,12,Person ID 103029,12.00
103549,1,12,Person ID 103549,12.00
106910,1,12,Person ID 106910,12.00
107486,1,12,Person ID 107486,12.00
121040,1,12,Person ID 121040,12.00
145961,1,12,Person ID 145961,12.00
148499,1,12,Person ID 148499,12.00
103681,1,11,Person ID 103681,11.00
103959,1,11,Person ID 103959,11.00
104799,1,11,Person ID 104799,11.00
104815,1,11,Person ID 104815,11.00
106830,1,11,Person ID 106830,11.00
112947,1,11,Person ID 112947,11.00
120061,1,11,Person ID 120061,11.00
125337,1,11,Person ID 125337,11.00
129807,1,11,Person ID 129807,11.00
147060,1,11,Person ID 147060,11.00
101701,1,10,Person ID 101701,10.00
101728,1,10,Person ID 101728,10.00
105649,1,10,Person ID 105649,10.00
106062,1,10,Person ID 106062,10.00
106803,1,10,Person ID 106803,10.00
108162,1,10,Person ID 108162,10.00
108891,1,10,Person ID 108891,10.00
110258,1,10,Person ID 110258,10.00
112152,1,10,Person ID 112152,10.00
120708,1,10,Person ID 120708,10.00
122043,1,10,Person ID 122043,10.00
124313,1,10,Person ID 124313,10.00
124824,1,10,Person ID 124824,10.00
131008,1,10,Person ID 131008,10.00
135984,1,10,Person ID 135984,10.00
143979,1,10,Person ID 143979,10.00
149505,1,10,Person ID 149505,10.00
152948,1,10,Person ID 152948,10.00
159244,1,10,Person ID 159244,10.00
165101,1,10,Person ID 165101,10.00
176672,1,10,Person ID 176672,10.00
100310,1,9,Person ID 100310,9.00
101009,1,9,Person ID 101009,9.00
103414,1,9,Person ID 103414,9.00
104948,1,9,Person ID 104948,9.00
106828,1,9,Person ID 106828,9.00
110246,1,9,Person ID 110246,9.00
110554,1,9,Person ID 110554,9.00
111293,1,9,Person ID 111293,9.00
121017,1,9,Person ID 121017,9.00
121262,1,9,Person ID 121262,9.00
127490,1,9,Person ID 127490,9.00
138247,1,9,Person ID 138247,9.00
141402,1,9,Person ID 141402,9.00
152395,1,9,Person ID 152395,9.00
187056,1,9,Person ID 187056,9.00
102638,1,8,Person ID 102638,8.00
137838,1,8,Person ID 137838,8.00
144567,1,8,Person ID 144567,8.00
147891,1,8,Person ID 147891,8.00
175533,1,8,Person ID 175533,8.00
191903,1,8,Person ID 191903,8.00
102700,1,7,Person ID 102700,7.00
104181,1,7,Person ID 104181,7.00
109127,1,7,Person ID 109127,7.00
109737,1,7,Person ID 109737,7.00
110147,1,7,Person ID 110147,7.00
131996,1,7,Person ID 131996,7.00
132415,1,7,Person ID 132415,7.00
178322,1,7,Person ID 178322,7.00
101409,1,6,Person ID 101409,6.00
101917,1,6,Person ID 101917,6.00
105233,1,6,Person ID 105233,6.00
106034,1,6,Person ID 106034,6.00
106253,1,6,Person ID 106253,6.00
107237,1,6,Person ID 107237,6.00
108219,1,6,Person ID 108219,6.00
108469,1,6,Person ID 108469,6.00
109253,1,6,Person ID 109253,6.00
109799,1,6,Person ID 109799,6.00
111177,1,6,Person ID 111177,6.00
122721,1,6,Person ID 122721,6.00
123238,1,6,Person ID 123238,6.00
123740,1,6,Person ID 123740,6.00
124866,1,6,Person ID 124866,6.00
131383,1,6,Person ID 131383,6.00
134890,1,6,Person ID 134890,6.00
167762,1,6,Person ID 167762,6.00
101519,1,5,Person ID 101519,5.00
106530,1,5,Person ID 106530,5.00
106675,1,5,Person ID 106675,5.00
106812,1,5,Person ID 106812,5.00
107259,1,5,Person ID 107259,5.00
109595,1,5,Person ID 109595,5.00
112761,1,5,Person ID 112761,5.00
121190,1,5,Person ID 121190,5.00
128788,1,5,Person ID 128788,5.00
100312,1,4,Person ID 100312,4.00
105228,1,4,Person ID 105228,4.00
105681,1,4,Person ID 105681,4.00
110101,1,4,Person ID 110101,4.00
111067,1,4,Person ID 111067,4.00
120651,1,4,Person ID 120651,4.00
123789,1,4,Person ID 123789,4.00
138571,1,4,Person ID 138571,4.00
140099,1,4,Person ID 140099,4.00
148766,1,4,Person ID 148766,4.00
124420,1,3,Person ID 124420,3.00
134439,1,3,Person ID 134439,3.00
137227,1,3,Person ID 137227,3.00
143708,1,3,Person ID 143708,3.00
174817,1,3,Person ID 174817,3.00
100059,1,2,Person ID 100059,2.00
100198,1,2,Person ID 100198,2.00
101422,1,2,Person ID 101422,2.00
103094,1,2,Person ID 103094,2.00
103750,1,2,Person ID 103750,2.00
103780,1,2,Person ID 103780,2.00
103945,1,2,Person ID 103945,2.00
105318,1,2,Person ID 105318,2.00
105333,1,2,Person ID 105333,2.00
105860,1,2,Person ID 105860,2.00
108109,1,2,Person ID 108109,2.00
109325,1,2,Person ID 109325,2.00
109524,1,2,Person ID 109524,2.00
109724,1,2,Person ID 109724,2.00
109838,1,2,Person ID 109838,2.00
110282,1,2,Person ID 110282,2.00
111808,1,2,Person ID 111808,2.00
112382,1,2,Person ID 112382,2.00
112444,1,2,Person ID 112444,2.00
112575,1,2,Person ID 112575,2.00
112660,1,2,Person ID 112660,2.00
120227,1,2,Person ID 120227,2.00
120258,1,2,Person ID 120258,2.00
120340,1,2,Person ID 120340,2.00
121042,1,2,Person ID 121042,2.00
122243,1,2,Person ID 122243,2.00
123143,1,2,Person ID 123143,2.00
123319,1,2,Person ID 123319,2.00
123874,1,2,Person ID 123874,2.00
125303,1,2,Person ID 125303,2.00
126109,1,2,Person ID 126109,2.00
126729,1,2,Person ID 126729,2.00
128609,1,2,Person ID 128609,2.00
133670,1,2,Person ID 133670,2.00
134053,1,2,Person ID 134053,2.00
134170,1,2,Person ID 134170,2.00
134729,1,2,Person ID 134729,2.00
135295,1,2,Person ID 135295,2.00
135744,1,2,Person ID 135744,2.00
135898,1,2,Person ID 135898,2.00
135989,1,2,Person ID 135989,2.00
136657,1,2,Person ID 136657,2.00
139599,1,2,Person ID 139599,2.00
140794,1,2,Person ID 140794,2.00
147881,1,2,Person ID 147881,2.00
160232,1,2,Person ID 160232,2.00
189891,1,2,Person ID 189891,2.00