eventId,eventDate,eventName,eventLocation,numPlayers,organizer,score,ratingPerf,ratingPost
200202091,2002-02-17,DCC St Valentines U2100,ON,38,0,4.0,2119,2119
200203115,2002-03-06,DCC Cabin Fever 3,ON,33,0,1.5,2067,2110
200203117,2002-03-10,DCC Toronto Class U2200,ON,14,0,2.0,1853,1993
200203118,2002-03-16,DCC Days of Winter 2,ON,14,0,3.0,1717,1934
200204046,2002-03-31,DCC Toronto U2100,ON,23,0,4.0,2004,1955
200204137,2002-04-17,Malcolm Sim Memorial Section 1,ON,10,0,6.5,2178,2037
200205056,2002-05-11,DCC March into April   2,ON,17,0,4.0,2094,2055
200205095,2002-05-15,DCC Mayflower 3,ON,37,0,3.0,2317,2076
200205114,2002-05-26,CYCC ON Provincials U12,ON,29,0,4.5,1814,2073
200206091,2002-06-16,DCC Fathers Day Open,ON,19,0,2.0,2048,2067
200207020,2002-07-01,DCC 2002 Canada Day Open,ON,29,0,2.5,1920,2029
200207063,2002-07-20,DCC Spring into Summer 3,ON,18,0,5.0,2148,2065
200208011,2002-07-28,CMA Futurity Qualifier at DCC,ON,14,0,2.0,2057,2063
200208015,2002-08-05,DCC Simcoe Day Open,ON,12,0,3.0,2175,2093
200210141,2002-10-14,DCC 2002 Toronto Thanksgiving Open,ON,18,0,3.5,2228,2124
200211037,2002-11-10,DCC 2002 Remembrance Day Open,ON,18,0,2.5,2222,2144
200212074,2002-12-14,Geza Fuster Memorial RR,ON,10,0,6.5,2183,2158
200303095,2003-03-09,2003 Toronto Class Ch Masters 1,ON,6,0,1.5,2093,2146
200304026,2003-03-28,2003 Toronto Closed Ch,ON,12,0,7.0,2194,2166
200305027,2003-04-19,CYCC ON Provincial Ch U12,ON,25,0,5.0,1671,2168
200305072,2003-05-04,Guelph Spring Pro Am,ON,17,0,3.5,2318,2198
200306021,2003-05-26,Monday Night Tourney 2,ON,4,0,3.0,2233,2202
200307019,2003-06-22,2003 Brantford Open,ON,43,0,2.0,1855,2138
200307066,2003-07-10,CYCC National Ch Under 12,ON,27,0,7.0,1910,2149
200308021,2003-08-10,2003 Guelph ProAm Int Open,ON,38,0,3.0,2158,2154
200309025,2003-09-01,Labour Day Macedonian Open,ON,37,0,4.0,2425,2209
200310080,2003-10-12,KW Oktoberfest Open,ON,21,0,4.0,2427,2231
200312052,2003-12-29,BGC Holiday Open,ON,42,0,3.0,2029,2209
200403053,2004-03-14,2004 Rite of Spring,ON,23,0,3.5,2142,2205
200404018,2004-04-01,2004 Toronto Closed Ch,ON,12,0,6.5,2356,2240
200404047,2004-04-11,2004 Toronto Easter Open,ON,16,0,3.0,2198,2234
200405058,2004-05-09,2004 May Open  OPEN,ON,15,0,3.0,2298,2241
200405118,2004-05-24,2004 Ontario Open  Open,ON,52,0,4.0,2354,2256
200406007,2004-05-04,GTCL League and Cup 2004,ON,20,0,5.5,2339,2274
200407059,2004-06-20,June BGC Open,ON,26,0,4.0,2259,2283
200407068,2004-07-04,Toronto Canada Day Premier,ON,10,0,4.0,2359,2291
200408030,2004-08-02,Guelph ProAm International 2004,ON,30,0,4.5,2346,2301
200408045,2004-08-08,BGC August Open,ON,25,0,4.0,2315,2305
200409016,2004-09-06,Macedonian Labour Day  Open,ON,26,0,4.5,2453,2323
200409031,2004-08-29,Canadian Closed 2004,ON,69,0,5.5,2383,2333
200409048,2004-09-12,Chess Academy Canada 1,ON,4,0,2.5,1451,2325
200409060,2004-09-19,Chess Academy of Canada Section 1,ON,4,0,3.0,1639,2325
200409069,2004-09-26,Chess Academy Section 1,ON,4,0,3.0,1557,2325
200410109,2004-10-11,Toronto Thanksgiving Open   OPEN,ON,11,0,3.5,2263,2325
200410119,2004-10-17,Chess Academy of Canada Advanced 1,ON,4,0,3.0,1699,2325
200411022,2004-10-24,Chess Academy of Canada Advanced 1,ON,4,0,3.0,1520,2325
200412055,2004-11-21,November Open  2004,ON,37,0,4.0,2534,2345
200502033,2005-02-06,Guelph Winter ProAm  Pro,ON,18,0,4.0,2443,2357
200503022,2005-02-20,Toronto Premier,ON,8,0,4.5,2299,2357
200503089,2005-03-05,Ontario Closed,ON,12,0,3.0,2345,2355
200503132,2005-03-13,Toronto March Class Champ Open,ON,14,0,3.0,2337,2353
200504166,2005-04-24,Rite of Spring 2005,ON,24,0,4.0,2213,2347
200506032,2005-05-29,BGC May Open,ON,35,0,4.5,2568,2372
200506067,2005-05-17,GTCL 2004 2005 Cup,ON,30,0,1.0,2207,2362
200506068,2005-05-31,GTCL 2004 2005 League,ON,44,0,4.0,2322,2355
200507015,2005-06-26,BGC June Open,ON,24,0,3.5,2102,2343
200507029,2005-07-03,Toronto Canada Day Open,ON,14,0,4.5,2674,2376
200508003,2005-07-25,Guelph Futurity 2005,ON,10,0,5.0,2458,2393
200508026,2005-08-01,Guelph ProAm 2005,ON,35,0,5.0,2457,2414
200509033,2005-09-05,Toronto Macedonian Labour Day Open,ON,29,0,4.0,2407,2413
200510113,2005-10-10,Toronto Thanskgiving Open 2005,ON,8,0,4.0,2322,2404
200511055,2005-11-06,Guelph Fall Pro Am Pro Section,ON,12,0,4.0,2378,2405
200512026,2005-11-20,Fall Masters A,ON,4,0,4.5,2648,2435
200603077,2006-03-05,Toronto Closed 2006 Premier Section,ON,8,128173,4.5,2409,2431
200605075,2006-03-19,March Open 2006,ON,51,128173,3.5,2236,2422
200605090,2006-04-17,Toronto Open,ON,39,128173,5.5,2394,2429
200605145,2006-05-22,Ontario Open 2006 Open Section,ON,12,101072,3.0,2228,2406
200606025,2006-05-28,GTCL League and Cup 2006,ON,64,144299,4.5,2348,2400
200606054,2006-06-25,York Region Open 2006,ON,11,101072,4.5,2545,2415
200607024,2006-07-03,Canada Day Open 2006,ON,36,128173,5.0,2358,2414
200608020,2006-07-23,2006 Canadian Open Open Section,ON,91,111830,6.0,2480,2430
200609008,2006-08-27,2006 Canadian Closed and Zonal,ON,65,100317,5.5,2303,2408
200609040,2006-09-04,Toronto Labour Day Open Section,ON,24,106974,3.0,2156,2382
200609050,2006-08-16,Montreal Empress 2006 Section B,QC,10,131182,1.5,2217,2353
200610042,2006-10-09,2006 Toronto Thanksgiving Open,ON,14,100905,5.5,2530,2374
200701055,2006-12-30,2006 Holidays Open,ON,49,128173,4.5,2337,2438
200701057,2007-01-07,2007 Canadian Junior,ON,12,128173,3.5,2231,2418
200702082,2007-02-04,2007 Guelph Winter Pro Am Pro Sec,ON,32,111830,5.0,2674,2444
200703021,2007-02-18,2007 KW Winter Open,ON,28,106868,4.0,2498,2450
200703140,2007-03-25,York Region March Open,ON,10,100990,5.0,2601,2468
200703221,2007-03-18,Toronto March Open,ON,41,128173,4.0,2351,2464
200705042,2007-05-06,2007 York Region May Open and U2200,ON,8,101072,5.0,2361,2468
200706006,2007-04-15,2007 York Region April Open,ON,12,101072,5.0,2555,2480
200706022,2007-04-08,2007 Toronto Open,ON,34,100905,4.5,2213,2467
200706046,2007-05-27,2007 GuelphSpring ProAm ProSection,ON,29,111830,4.0,2540,2475
200706104,2007-05-24,2007 Greater Toronto Chess League,ON,60,100905,4.0,2588,2486
200706143,2007-07-01,2007 GTCL Canada Day Open,ON,37,128173,5.5,2458,2496
200706184,2007-07-15,2007 Canadian Open,ON,280,100944,6.0,2461,2492
200706210,2007-08-01,2007 Canadian Closed,ON,30,111830,6.5,2535,2498
200709019,2007-09-03,2007 Toronto Labour Day Open,ON,31,106974,4.0,2466,2495
200710027,2007-09-30,2007 Chessca Open CFC2000,ON,23,130962,3.5,2453,2492
200711015,2007-10-08,2007 Thanksgiving Open,ON,39,128173,4.5,2339,2488
200801016,2007-12-30,Holidays Open,ON,45,128173,3.5,2080,2458
200802029,2008-02-03,Guelph Winter ProAm 2008 Pro,ON,19,111830,3.5,2506,2463
200802094,2008-02-17,KW Winter Open,ON,27,100182,4.0,2522,2470
200804062,2008-04-09,2008 Toronto Closed Championship,ON,10,109412,9.0,2644,2503
200806036,2008-05-31,GTCL Teams Regular Tournament 2008,ON,57,125681,3.0,2494,2504
200807021,2008-06-29,2008 Toronto Canada Day Open,ON,41,106974,3.5,2553,2509
200807029,2008-05-30,CMA Spring Masters,ON,6,127769,2.5,2389,2496
200807058,2008-07-27,Canadian Open 2008 Section A,QC,48,106007,5.0,2472,2492
200809012,2008-09-01,Toronto Labour Day Open,ON,42,106974,4.0,2423,2487
200901009,2008-12-21,2008 Hart House Holidays Open,ON,37,106974,3.5,2525,2503
200902105,2009-02-22,Hart House Reading Week Open,ON,38,106974,3.5,2454,2503
200904068,2009-04-19,PWC Toronto Open,ON,83,101805,4.0,2496,2506
200905077,2009-05-12,2009 GTCL Premier League,ON,10,147050,1.0,2574,2508
200907006,2009-07-05,Hart House Summer Open,ON,27,127516,4.0,2632,2534
200908017,2009-08-16,2009 Canadian Zonal Ch,ON,31,111830,4.0,2186,2480
200909013,2009-09-07,2009 Toronto Labour Day Open,ON,35,106974,4.0,2507,2486
200910021,2009-10-12,2009 Toronto Thanksgiving Open,ON,26,106974,5.0,2661,2520
200911027,2009-11-08,2009 Guelph Fall Pro Am Open,ON,21,111830,4.5,2681,2542
200912009,2009-12-05,2009 Winter Super Challenge Open,ON,16,133977,4.0,2117,2532
200912078,2009-12-20,Hart House Holidays Open,ON,32,127516,4.5,2651,2548
201002012,2010-02-07,2010 Guelph Winter ProAm Open,ON,22,111830,4.5,2655,2564
201004006,2010-04-04,2010 Hart House Toronto Open,ON,31,127516,4.0,2483,2559
201005068,2010-05-24,2010 Ontario Open,ON,31,100234,4.5,2424,2552
201007005,2010-07-04,2010 Hart House Summer Open,ON,22,127516,2.5,2351,2536
201007034,2010-07-19,2010 Canadian Open,ON,265,111830,7.5,2589,2576
201007051,2010-07-31,Ch ouvert du Qu√©bec Sec Invitation,QC,26,126146,5.5,2507,2570
201009011,2010-09-06,2010 Toronto Labour Day Open,ON,28,106974,4.0,2458,2562
201010019,2010-10-11,2010 Toronto Thanksgiving Open,ON,27,106974,4.5,2462,2559
201011008,2010-11-07,2010 Guelph Fall ProAm Open,ON,31,111830,3.5,2503,2556
201012006,2010-12-04,2010 Winter Open,ON,26,147889,4.0,2530,2563
201012054,2010-12-19,2010 Hart House Holidays Open,ON,37,127516,4.0,2633,2582
201102008,2011-02-06,2011 Guelph Winter ProAm,ON,21,111830,4.0,2567,2585
201102060,2011-02-21,Hart House Reading Week Open,ON,29,127516,5.0,2559,2584
201103090,2011-03-27,2011 Hamilton Winter Open,ON,41,102646,4.0,2511,2584
201105030,2011-05-11,2011 Canadian Zonal Ch,ON,29,111830,6.0,2555,2580
201105058,2011-05-23,2011 Ontario Open,ON,23,108832,4.5,2608,2597
201107027,2011-07-17,48th Canadian Open Ch 2011,ON,152,100234,6.5,2554,2591
201107036,2011-07-30,2011 Quebec Invitational,QC,31,123360,7.0,2756,2631
201109009,2011-09-05,2011 Toronto Labour Day Open,ON,45,106974,5.0,2647,2646
201109015,2011-09-11,Championnat Ouvert de Montreal 2011,QC,47,123360,4.0,2346,2634
201110018,2011-10-10,2011 Toronto Thanksgiving Open,ON,35,151471,5.5,2665,2657
201111011,2011-11-06,2011 Guelph Fall ProAm,ON,18,111830,4.0,2599,2654
201112030,2011-12-18,2011 Hart House Holidays Open,ON,29,132393,3.5,2425,2639
201202011,2012-02-12,2012 Guelph Winter ProAm,ON,19,111830,3.5,2470,2630
201202015,2012-02-20,2012 Hart House Reading Week Open,ON,28,132393,5.5,2756,2661
201206023,2012-06-24,2012 Guelph Spring ProAm,ON,22,111830,2.5,2297,2633
201207028,2012-07-20,2012 Toronto International - Crown,ON,20,111830,5.5,2712,2645
201207039,2012-07-28,Ch Ouvert du Quebec Invitation 2012,QC,32,123360,4.0,2457,2611
201208017,2012-08-11,2012 Canadian Closed Ch,QC,36,148330,6.0,2570,2605
201211005,2012-11-04,2012 Guelph Fall ProAm,ON,27,111830,3.5,2502,2598
201301004,2013-01-06,2013 Hart House Winter Open,ON,40,127516,3.5,2457,2586
201302013,2013-02-10,2013 Guelph Winter ProAm,ON,30,111830,4.0,2568,2586
201302035,2013-02-24,2013 Hart House Reading Week Open,ON,27,127516,3.5,2558,2585
201304007,2013-04-07,2013 Guelph Spring ProAm,ON,22,111830,4.5,2785,2612
201306003,2013-06-02,2013 Guelph PreSummer ProAm - Pro,ON,16,111830,3.0,2504,2604
201307011,2013-07-06,2013 Aurora Summer Open - Open,ON,17,153005,5.0,2692,2616
201309007,2013-09-02,2013 Toronto Labour Day Open,ON,19,106342,4.5,2585,2614
201310016,2013-10-14,2013 Toronto Thanksgiving Open,ON,14,106342,5.5,2679,2625
201310039,2013-10-22,2013 Aurora Fall Open,ON,21,153005,4.0,2547,2621
201311025,2013-11-03,2013 Guelph Fall ProAm - Pro,ON,21,111830,3.0,2468,2608
201401029,2014-01-26,2014 Guelph Winter ProAm - Pro,ON,18,111830,5.0,2649,2618
201402036,2014-02-17,2014 Hart House Reading Wk - Crown,ON,25,127516,3.5,2478,2603
201409007,2014-09-01,2014 Toronto Labour Day Open,ON,31,106342,4.5,2551,2599
201410028,2014-10-13,2014 Toronto Thanksgiving Open,ON,33,106342,5.5,2583,2602
201412058,2014-12-21,Hart House Holidays Open Crown,ON,22,156644,4.0,2621,2607
201502030,2015-02-16,2015 Hart House Reading Week Crown,ON,21,156644,3.5,2414,2586
201507052,2015-07-16,2015 Canadian Closed,ON,44,111830,6.0,2522,2578
201512046,2015-12-20,2015 Hart House Holidays Crown,ON,25,0,4.0,2632,2584
201602065,2016-02-21,2016 Hart House Reading Week Open,ON,21,135360,4.5,2719,2601
201603081,2016-03-27,2016 Hart House Spring Open Crown,ON,21,127516,5.5,2698,2613
201605077,2016-05-23,Ontario Open 2016 - Crown,ON,27,135360,5.0,2603,2614
201612041,2016-12-18,2016 Holidays Open - Crown,ON,23,127516,3.0,2385,2594
201702086,2017-02-20,Hart House Reading Week Open,ON,23,127516,5.0,2612,2598
201707008,2017-07-01,2017 Canadian Closed,QC,29,106007,8.0,2754,2633
201709010,2017-09-04,2017 Toronto Open Crown,ON,28,102713,4.5,2471,2620
201710032,2017-10-15,2017 Aurora Fall Open - Open,ON,25,147050,4.0,2420,2610
201802068,2018-02-19,Hart House Reading Week 2018 Crown,ON,25,127516,4.5,2587,2608
201805089,2018-05-21,Ontario Open 2018 Crown,ON,28,102713,4.5,2562,2604
201809012,2018-09-03,Toronto Open 2018 Crown,ON,26,102713,4.5,2474,2592
201810065,2018-10-21,2018 Aurora Fall Open - MASTER,ON,29,147050,4.0,2560,2591
201812048,2018-12-16,Hart House Holidays Open - Crown,ON,18,127516,4.5,2629,2598
201902052,2019-02-18,Hart House Reading Week 2019 Crown,ON,23,127516,4.5,2646,2603
201904010,2019-03-31,2019 Aurora Spring Open Master,ON,14,147050,5.0,2753,2620
201904094,2019-04-22,2019 Canada Zonal,ON,36,107391,6.5,2653,2625
201906039,2019-06-09,Golden Horseshoe CC Open,ON,29,154420,3.5,2485,2615
201906080,2019-06-23,14th Edmonton International,AB,10,158246,6.0,2512,2606
201909011,2019-09-02,Toronto Open 2019 Crown,ON,17,102713,5.5,2676,2618
201910063,2019-10-19,2019 Aurora Fall Open - MASTER,ON,17,147050,4.5,2600,2622
201911051,2019-11-10,Century Richmond Hill Open Crown,ON,19,167770,5.0,2575,2627
201912072,2019-12-15,Hart House Holidays Open Crown,ON,22,127516,4.0,2542,2622
202002061,2020-02-17,Hart House Reading Week Crown,ON,22,127516,4.5,2540,2615
202204020,2022-04-18,2022 Canada Zonal,ON,28,107391,4.5,2314,2566
202205044,2022-05-23,2022 Ontario Open - Crown,ON,32,152286,5.0,2656,2577
202206032,2022-06-12,Eastern Ontario GM norm,ON,10,106856,4.5,2471,2557
202207039,2022-07-17,2022 Canadian Open,ON,251,111830,7.5,2585,2567
202211070,2022-11-19,Maplewood Invitational,QC,10,158338,5.0,2586,2570
202212022,2022-12-11,Hart House Holidays Open - Crown,ON,22,150532,4.0,2456,2564
202301013,2023-01-08,Excelsior January Open,ON,18,139674,5.0,2641,2576
202302023,2023-02-05,2023 Excelsior February Top,ON,29,139674,3.5,2398,2564
202302081,2023-02-20,Hart House Reading Week Crown,ON,25,150532,5.5,2714,2584
202303065,2023-03-12,2023 Excelsior March Open,ON,99,139674,4.5,2670,2592
202303074,2023-03-17,2023 Excelsior March GM Norm,ON,10,139674,5.5,2558,2585
202303120,2023-03-26,2023 Aurora Spring Open Master,ON,20,147050,2.0,2138,2546
202304020,2023-04-11,2023 Canadian Closed Championship,ON,26,139674,7.5,2662,2568
202304094,2023-04-23,2023 Excelsior April Open Top,ON,18,139674,4.5,2594,2574
202305104,2023-05-21,2023 Excelsior May Open Top,ON,11,139674,5.0,2444,2577
202306069,2023-06-11,Cdn Transnational Classic Crown,QC,55,158338,6.0,2729,2612
202306099,2023-06-17,2023 Excelsior June IM Norm,ON,10,139674,7.0,2517,2607
202306123,2023-06-23,2023 Excelsior June GM Norm,ON,10,139674,4.5,2491,2587
202306124,2023-06-25,2023 Excelsior June Open Ch Top,ON,29,121329,4.5,2673,2599
202309033,2023-09-04,2023 Toronto Open Crown,ON,31,158338,3.5,2375,2575
202310075,2023-10-22,Hart House October Open - Crown,ON,20,185035,4.0,2576,2577
202311006,2023-10-29,2023 Excelsior October Open,ON,23,139674,4.0,2454,2573
202312038,2023-12-10,Hart House Holidays Open - Crown,ON,16,150532,4.0,2539,2572
202402094,2024-02-19,Reading Week Open 2024 - Crown,ON,19,150532,5.0,2611,2578
202403113,2024-03-24,2024 Aurora Spring Open Master,ON,18,147050,5.0,2665,2590
202404030,2024-04-02,2024 Canadian Zonal,ON,64,150532,6.0,2469,2570
202405113,2024-05-20,2024 Ontario Open Crown,ON,34,158338,4.5,2549,2569
202406035,2024-06-02,Maplewood Professional Cup Open,QC,46,175344,5.0,2611,2576
202408001,2024-07-25,2024 Maplewood Invitational RR,QC,10,158338,4.0,2571,2576
